;SIF;SIF_ic;D_competitor;S_competitor;D_family;S_family;D_genus;S_genus;p_distance;mass_ratio;D_mass;S_mass;D_diet;S_diet;diet_dist;Lon;Lat;Lat_abs;Continent;Country;Locality;Label;Samp_dur;N_statioins;Effort;Avg_dist;S_area
1;1;NA;Canis latrans;Vulpes macrotis;Canidae;Canidae;Canis;Vulpes;NA;1.666223758;11050;2088;Omnivore;Omnivore;Same_diet;-103.73431;26.68507;26.68507;Central/North America;Mexico;RBM;Andrade-Ponce_2020;4;60;1762;1;NA
2;1.115;1.011-1.787;Panthera onca;Puma concolor;Felidae;Felidae;Panthera;Puma;0.109112475;0.525098283;81150;48000;Carnivore;Carnivore;Same_diet;-42.5416665;-8.666667;8.666667;South America;Brazil;Serra da Capivara National Park;Astete_2017;14;58;15205;3.22;1291.4
3;1;0.96-0.104;Leopardus colocolo;Leopardus guigna;Felidae;Felidae;Leopardus;Leopardus;0.06888319;0.29334781;2950;2200;Carnivore;Carnivore;Same_diet;-71.15;-32.916667;32.916667;South America;Chile;LCPBR_spatial;Beltrami_2021;6;40;NA;2;240
4;1;NA;Leopardus colocolo;Leopardus guigna;Felidae;Felidae;Leopardus;Leopardus;0.06888319;0.29334781;2950;2200;Carnivore;Carnivore;Same_diet;-71.15;-32.916667;32.916667;South America;Chile;LCPBR_spatial;Beltrami_2021;6;40;NA;2;240
5;0.63;0.60-0.66;Leopardus colocolo;Leopardus guigna;Felidae;Felidae;Leopardus;Leopardus;0.06888319;0.29334781;2950;2200;Carnivore;Carnivore;Same_diet;-71.15;-32.916667;32.916667;South America;Chile;LCPBR_spatial;Beltrami_2021;6;40;NA;2;240
6;1.32;0.32;Puma concolor;Canis latrans;Felidae;Canidae;Puma;Canis;0.18174236;1.468770583;48000;11050;Carnivore;Omnivore;Diff_diet;-100.666667;33.75;33.75;Central/North America;United States;SANWR;Bender_2017;15;40;NA;3;231.54
7;1.38;0.32;Canis latrans;Lynx rufus;Canidae;Felidae;Canis;Lynx;0.18335724;0.161720739;11050;9400;Omnivore;Carnivore;Diff_diet;-100.666667;33.75;33.75;Central/North America;United States;SANWR;Bender_2017;15;40;NA;3;231.54
8;1.54;0.32;Puma concolor;Lynx rufus;Felidae;Felidae;Puma;Lynx;0.08207649;1.630491322;48000;9400;Carnivore;Carnivore;Same_diet;-100.666667;33.75;33.75;Central/North America;United States;SANWR;Bender_2017;15;40;NA;3;231.54
9;1;NA;Puma concolor;Eira barbara;Felidae;Mustelidae;Puma;Eira;NA;2.451716101;48000;4134.99;Carnivore;Omnivore;Diff_diet;-47.433023;-20.235535;20.235535;South America;Brazil;FBJSP;Bianchi_2021;8;57;7267.5;1;48.15
10;1.47;1.02-2.12;Leopardus pardalis;Herpailurus yagouaroundi;Felidae;Felidae;Leopardus;Herpailurus;0.09806851;0.405465108;10500;7000;Carnivore;Carnivore;Same_diet;-73.666667;7.45;7.45;South America;Colombia;Magdalena_River_valley;Boron_2020;5;47;NA;1.6;154.8
11;0.91;0.26-3.21;Panthera onca;Herpailurus yagouaroundi;Felidae;Felidae;Panthera;Herpailurus;0.110391895;2.450389145;81150;7000;Carnivore;Carnivore;Same_diet;-73.666667;7.45;7.45;South America;Colombia;Magdalena_River_valley;Boron_2020;5;47;NA;1.6;154.8
12;2.05;1.03-4.07;Puma concolor;Herpailurus yagouaroundi;Felidae;Felidae;Puma;Herpailurus;0.07460275;1.925290862;48000;7000;Carnivore;Carnivore;Same_diet;-73.666667;7.45;7.45;South America;Colombia;Magdalena_River_valley;Boron_2020;5;47;NA;1.6;154.8
13;0.93;0.53-1.63;Panthera onca;Leopardus pardalis;Felidae;Felidae;Panthera;Leopardus;0.10684136;2.044924037;81150;10500;Carnivore;Carnivore;Same_diet;-73.666667;7.45;7.45;South America;Colombia;Magdalena_River_valley;Boron_2020;5;47;NA;1.6;154.8
14;1.01;0.50-2.03;Puma concolor;Leopardus pardalis;Felidae;Felidae;Puma;Leopardus;0.09369225;1.519825754;48000;10500;Carnivore;Carnivore;Same_diet;-73.666667;7.45;7.45;South America;Colombia;Magdalena_River_valley;Boron_2020;5;47;NA;1.6;154.8
15;1.93;1.38-2.69;Panthera onca;Puma concolor;Felidae;Felidae;Panthera;Puma;0.109112475;0.525098283;81150;48000;Carnivore;Carnivore;Same_diet;-73.666667;7.45;7.45;South America;Colombia;Magdalena_River_valley;Boron_2020;5;47;NA;1.6;154.8
16;1;NA;Arctonyx collaris;Martes flavigula;Mustelidae;Mustelidae;Arctonyx;Martes;0.13234426;1.435084525;10500;2500;Omnivore;Carnivore;Diff_diet;102.627807;31.479088;31.479088;Asia;China;Sichuan and Gansu Provinces;Bu_2016;48;495;23313;0.3;NA
17;1;NA;Paguma larvata;Martes flavigula;Viverridae;Mustelidae;Paguma;Martes;0.18378666;0.542324291;4300;2500;Omnivore;Carnivore;Diff_diet;102.627807;31.479088;31.479088;Asia;China;Sichuan and Gansu Provinces;Bu_2016;48;495;23313;0.3;NA
18;1;NA;Prionailurus bengalensis;Martes flavigula;Felidae;Mustelidae;Prionailurus;Martes;0.181713445;0.506817602;4150;2500;Carnivore;Carnivore;Same_diet;102.627807;31.479088;31.479088;Asia;China;Sichuan and Gansu Provinces;Bu_2016;48;495;23313;0.3;NA
19;1;NA;Arctonyx collaris;Mustela sibirica;Mustelidae;Mustelidae;Arctonyx;Mustela;0.137095195;2.984651041;10500;530.85;Omnivore;Carnivore;Diff_diet;102.627807;31.479088;31.479088;Asia;China;Sichuan and Gansu Provinces;Bu_2016;48;495;23313;0.3;NA
20;1.52;NA;Martes flavigula;Mustela sibirica;Mustelidae;Mustelidae;Martes;Mustela;0.13130908;1.549566515;2500;530.85;Carnivore;Carnivore;Same_diet;102.627807;31.479088;31.479088;Asia;China;Sichuan and Gansu Provinces;Bu_2016;48;495;23313;0.3;NA
21;1;NA;Paguma larvata;Mustela sibirica;Viverridae;Mustelidae;Paguma;Mustela;0.179009935;2.091890806;4300;530.85;Omnivore;Carnivore;Diff_diet;102.627807;31.479088;31.479088;Asia;China;Sichuan and Gansu Provinces;Bu_2016;48;495;23313;0.3;NA
22;1;NA;Prionailurus bengalensis;Mustela sibirica;Felidae;Mustelidae;Prionailurus;Mustela;0.17973691;2.056384118;4150;530.85;Carnivore;Carnivore;Same_diet;102.627807;31.479088;31.479088;Asia;China;Sichuan and Gansu Provinces;Bu_2016;48;495;23313;0.3;NA
23;0.6;NA;Arctonyx collaris;Paguma larvata;Mustelidae;Viverridae;Arctonyx;Paguma;0.17756043;0.892760234;10500;4300;Omnivore;Omnivore;Same_diet;102.627807;31.479088;31.479088;Asia;China;Sichuan and Gansu Provinces;Bu_2016;48;495;23313;0.3;NA
24;1;NA;Arctonyx collaris;Prionailurus bengalensis;Mustelidae;Felidae;Arctonyx;Prionailurus;0.181365985;0.928266923;10500;4150;Omnivore;Carnivore;Diff_diet;102.627807;31.479088;31.479088;Asia;China;Sichuan and Gansu Provinces;Bu_2016;48;495;23313;0.3;NA
25;1;NA;Paguma larvata;Prionailurus bengalensis;Viverridae;Felidae;Paguma;Prionailurus;0.14225069;0.035506688;4300;4150;Omnivore;Carnivore;Diff_diet;102.627807;31.479088;31.479088;Asia;China;Sichuan and Gansu Provinces;Bu_2016;48;495;23313;0.3;NA
26;-6.19491783;NA;Canis aureus;Vulpes bengalensis;Canidae;Canidae;Canis;Vulpes;NA;1.629084188;11000;2157.2;Carnivore;Omnivore;Diff_diet;74.5954;18.1492;18.1492;Asia;India;Maharashtra;Carricondo-Sanchez_2019;1.5;40;233;2;230
27;0.95;NA;Panthera pardus;Herpestes urva;Felidae;Herpestidae;Panthera;Herpestes;NA;3.218548417;53074.995;2123.695;Carnivore;Omnivore;Diff_diet;98.974908;15.733124;15.733124;Asia;Thailand;Thung Yai Naresuan Wildlife Sanctuary;Chutipong_2017;16;155;9473;0.4805;108.5
28;1.59;NA;Panthera tigris;Herpestes urva;Felidae;Herpestidae;Panthera;Herpestes;NA;4.105103318;128800;2123.695;Carnivore;Omnivore;Diff_diet;98.974908;15.733124;15.733124;Asia;Thailand;Thung Yai Naresuan Wildlife Sanctuary;Chutipong_2017;16;155;9473;0.4805;108.5
29;0.8;NA;Panthera pardus;Martes flavigula;Felidae;Mustelidae;Panthera;Martes;0.18773087;3.055415182;53074.995;2500;Carnivore;Carnivore;Same_diet;98.974908;15.733124;15.733124;Asia;Thailand;Thung Yai Naresuan Wildlife Sanctuary;Chutipong_2017;16;155;9473;0.4805;108.5
30;0.66;NA;Panthera tigris;Martes flavigula;Felidae;Mustelidae;Panthera;Martes;0.189173325;3.941970082;128800;2500;Carnivore;Carnivore;Same_diet;98.974908;15.733124;15.733124;Asia;Thailand;Thung Yai Naresuan Wildlife Sanctuary;Chutipong_2017;16;155;9473;0.4805;108.5
31;0.53;NA;Panthera pardus;Paguma larvata;Felidae;Viverridae;Panthera;Paguma;0.15630416;2.513090891;53074.995;4300;Carnivore;Omnivore;Diff_diet;98.974908;15.733124;15.733124;Asia;Thailand;Thung Yai Naresuan Wildlife Sanctuary;Chutipong_2017;16;155;9473;0.4805;108.5
32;0.87;NA;Panthera tigris;Paguma larvata;Felidae;Viverridae;Panthera;Paguma;0.155520005;3.399645791;128800;4300;Carnivore;Omnivore;Diff_diet;98.974908;15.733124;15.733124;Asia;Thailand;Thung Yai Naresuan Wildlife Sanctuary;Chutipong_2017;16;155;9473;0.4805;108.5
33;0.4;NA;Panthera pardus;Paradoxurus hermaphroditus;Felidae;Viverridae;Panthera;Paradoxurus;0.15674026;2.814824717;53074.995;3180;Carnivore;Omnivore;Diff_diet;98.974908;15.733124;15.733124;Asia;Thailand;Thung Yai Naresuan Wildlife Sanctuary;Chutipong_2017;16;155;9473;0.4805;108.5
34;1.03;NA;Panthera tigris;Paradoxurus hermaphroditus;Felidae;Viverridae;Panthera;Paradoxurus;0.159491955;3.701379617;128800;3180;Carnivore;Omnivore;Diff_diet;98.974908;15.733124;15.733124;Asia;Thailand;Thung Yai Naresuan Wildlife Sanctuary;Chutipong_2017;16;155;9473;0.4805;108.5
35;1.06;NA;Panthera pardus;Prionailurus bengalensis;Felidae;Felidae;Panthera;Prionailurus;0.10883646;2.548597579;53074.995;4150;Carnivore;Carnivore;Same_diet;98.974908;15.733124;15.733124;Asia;Thailand;Thung Yai Naresuan Wildlife Sanctuary;Chutipong_2017;16;155;9473;0.4805;108.5
36;1;NA;Panthera tigris;Prionailurus bengalensis;Felidae;Felidae;Panthera;Prionailurus;0.110834738;3.435152479;128800;4150;Carnivore;Carnivore;Same_diet;98.974908;15.733124;15.733124;Asia;Thailand;Thung Yai Naresuan Wildlife Sanctuary;Chutipong_2017;16;155;9473;0.4805;108.5
37;0.97;NA;Panthera pardus;Viverra zibetha;Felidae;Viverridae;Panthera;Viverra;0.14758445;1.66912082;53074.995;10000;Carnivore;Carnivore;Same_diet;98.974908;15.733124;15.733124;Asia;Thailand;Thung Yai Naresuan Wildlife Sanctuary;Chutipong_2017;16;155;9473;0.4805;108.5
38;0.96;NA;Panthera tigris;Viverra zibetha;Felidae;Viverridae;Panthera;Viverra;0.14804655;2.555675721;128800;10000;Carnivore;Carnivore;Same_diet;98.974908;15.733124;15.733124;Asia;Thailand;Thung Yai Naresuan Wildlife Sanctuary;Chutipong_2017;16;155;9473;0.4805;108.5
39;0.977;0.946-1.007;Cynictis penicillata;Herpestes sanguineus;Herpestidae;Herpestidae;Cynictis;Herpestes;NA;0.160408033;598.5;509.8;Insectivore;Omnivore;Diff_diet;28.08747;-26.28618;26.28618;Africa;South Africa;MNA_Eco-Estate;Cronk_2020;11;66;NA;NA;480
40;0.748;0.609-0.887;Cynictis penicillata;Herpestes sanguineus;Herpestidae;Herpestidae;Cynictis;Herpestes;NA;0.160408033;598.5;509.8;Insectivore;Omnivore;Diff_diet;28.09659;-26.29193;26.29193;Africa;South Africa;MNA_Nature Estate;Cronk_2020;11;66;NA;NA;300
41;1;0;Meles meles;Martes foina;Mustelidae;Mustelidae;Meles;Martes;0.13258649;1.944567231;11884.03;1700;Omnivore;Omnivore;Same_diet;-7.19973;39.68055;39.68055;Europe;Portugal;Castelo Branco;Cruz_2015;4;26;1742;0.5;NA
42;1;0;Vulpes vulpes;Martes foina;Canidae;Mustelidae;Vulpes;Martes;0.18685684;1.494924526;7580.3;1700;Carnivore;Omnivore;Diff_diet;-7.19973;39.68055;39.68055;Europe;Portugal;Castelo Branco;Cruz_2015;4;26;1742;0.5;NA
43;1.07;0.06;Meles meles;Vulpes vulpes;Mustelidae;Canidae;Meles;Vulpes;0.1882578;0.449642705;11884.03;7580.3;Omnivore;Carnivore;Diff_diet;-7.19973;39.68055;39.68055;Europe;Portugal;Castelo Branco;Cruz_2015;4;26;1742;0.5;NA
44;0.47;0.37-0.58;Leopardus pardalis;Leopardus guttulus;Felidae;Felidae;Leopardus;Leopardus;NA;1.540445041;10500;2250;Carnivore;Carnivore;Same_diet;-54.2585;-25.9312;25.9312;South America;Argentina;Misiones;Cruz_2018;NA;184;9171.8;NA;3800
45;1.018;1.006-1.362;Puma concolor;Leopardus pardalis;Felidae;Felidae;Puma;Leopardus;0.09369225;1.519825754;48000;10500;Carnivore;Carnivore;Same_diet;-54.132424;-26.520253;26.520253;South America;Argentina;Di_General_road;Di Bitetti_2010;38;NA;NA;1;1868
46;0.372;0.315-0.986;Puma concolor;Leopardus pardalis;Felidae;Felidae;Puma;Leopardus;0.09369225;1.519825754;48000;10500;Carnivore;Carnivore;Same_diet;-54.132424;-26.520253;26.520253;South America;Argentina;Di_General_trail;Di Bitetti_2010;38;NA;NA;1;1868
47;0.22;NA;Viverricula indica;Eupleres goudotii;Viverridae;Eupleridae;Viverricula;Eupleres;0.150916843;0.026630074;2959.44;2881.67;Omnivore;Insectivore;Diff_diet;50.108267;-15.606988;15.606988;Africa;Madagascar;Makira_Masoala region;Farris_2020;27.4;154;15253;0.5;NA
48;0.5;NA;Viverricula indica;Fossa fossana;Viverridae;Eupleridae;Viverricula;Fossa;0.14259268;0.467665382;2959.44;1853.98;Omnivore;Omnivore;Same_diet;50.108267;-15.606988;15.606988;Africa;Madagascar;Makira_Masoala region;Farris_2020;27.4;154;15253;0.5;NA
49;0.26;NA;Viverricula indica;Galidia elegans;Viverridae;Eupleridae;Viverricula;Galidia;0.15368489;1.308143613;2959.44;800;Omnivore;Carnivore;Diff_diet;50.108267;-15.606988;15.606988;Africa;Madagascar;Makira_Masoala region;Farris_2020;27.4;154;15253;0.5;NA
50;0.21;NA;Viverricula indica;Galidictis fasciata;Viverridae;Eupleridae;Viverricula;Galidictis;0.150072273;1.682855244;2959.44;549.99;Omnivore;Omnivore;Same_diet;50.108267;-15.606988;15.606988;Africa;Madagascar;Makira_Masoala region;Farris_2020;27.4;154;15253;0.5;NA
51;0.725274725;NA;Canis lupus;Canis latrans;Canidae;Canidae;Canis;Canis;0.04195423;0.971421622;29190.755;11050;Carnivore;Omnivore;Diff_diet;-88.029951;46.187292;46.187292;Central/North America;United States;Upper Peninsula of Michigan;Fowler_2021;1;348;NA;1.6;NA
52;0.637023593;NA;Canis latrans;Vulpes vulpes;Canidae;Canidae;Canis;Vulpes;0.13633609;0.376877651;11050;7580.3;Omnivore;Carnivore;Diff_diet;-88.029951;46.187292;46.187292;Central/North America;United States;Peninsula of Michigan;Fowler_2021;1;348;NA;1.6;NA
53;4.697183099;NA;Canis lupus;Vulpes vulpes;Canidae;Canidae;Canis;Vulpes;0.13683737;1.348299273;29190.755;7580.3;Carnivore;Carnivore;Same_diet;-88.029951;46.187292;46.187292;Central/North America;United States;Upper Peninsula of Michigan;Fowler_2021;1;348;NA;1.6;NA
54;1;NA;Lycalopex culpaeus;Leopardus geoffroyi;Canidae;Felidae;Lycalopex;Leopardus;NA;1.178654996;13000;4000;Carnivore;Carnivore;Same_diet;-71.503068;-41.233655;41.233655;South America;Argentina;Nahuel Huapi National Park;Gantchoff_2016;6;80;1680;1;NA
55;1.03;NA;Canis lupaster;Genetta genetta;Canidae;Viverridae;Canis;Genetta;NA;NA;NA;1866.67;NA;Carnivore;Diff_diet;-5.754467;32.390267;32.390267;Africa;Morocco;Middle Atlas_Morocco;Gil-Sanchez_2021;3;21;1019;NA;100
56;0.91;NA;Vulpes vulpes;Genetta genetta;Canidae;Viverridae;Vulpes;Genetta;0.18759617;1.401396682;7580.3;1866.67;Carnivore;Carnivore;Same_diet;-5.754467;32.390267;32.390267;Africa;Morocco;Middle Atlas_Morocco;Gil-Sanchez_2021;3;21;1019;NA;100
57;1.05;NA;Canis lupaster;Vulpes vulpes;Canidae;Canidae;Canis;Vulpes;NA;NA;NA;7580.3;NA;Carnivore;Diff_diet;-5.754467;32.390267;32.390267;Africa;Morocco;Middle Atlas_Morocco;Gil-Sanchez_2021;3;21;1019;NA;100
58;0.976;0.757-1.195;Martes pennanti;Martes americana;Mustelidae;Mustelidae;Martes;Martes;0.11111986;1.269596779;3175;892;Carnivore;Omnivore;Diff_diet;-74.64;44.53;44.53;Central/North America;United States;ASP;Gompper_2015;1;162;NA;1.5;NA
59;0.1189;0.667-0.71;Procyon lotor;Martes americana;Procyonidae;Mustelidae;Procyon;Martes;0.168062085;1.738615671;5075;892;Omnivore;Omnivore;Same_diet;-74.64;44.53;44.53;Central/North America;United States;ASP;Gompper_2015;1;162;NA;1.5;NA
60;1.053;0.938-1.168;Procyon lotor;Martes pennanti;Procyonidae;Mustelidae;Procyon;Martes;0.16984928;0.469018893;5075;3175;Omnivore;Carnivore;Diff_diet;-74.64;44.53;44.53;Central/North America;United States;ASP;Gompper_2015;1;162;NA;1.5;NA
61;1.012;0.899-1.125;Procyon lotor;Martes pennanti;Procyonidae;Mustelidae;Procyon;Martes;0.16984928;0.469018893;5075;3175;Omnivore;Carnivore;Diff_diet;-74.64;44.53;44.53;Central/North America;United States;ASP;Gompper_2015;1;162;NA;1.5;NA
62;0.95;0.857-1.043;Ursus americanus;Martes pennanti;Ursidae;Mustelidae;Ursus;Martes;0.18520536;3.730557775;132405;3175;Herbivore;Carnivore;Diff_diet;-74.64;44.53;44.53;Central/North America;United States;ASP;Gompper_2015;1;162;NA;1.5;NA
63;0.938;0.826-1.05;Ursus americanus;Procyon lotor;Ursidae;Procyonidae;Ursus;Procyon;0.187302025;3.261538882;132405;5075;Herbivore;Omnivore;Diff_diet;-74.64;44.53;44.53;Central/North America;United States;ASP;Gompper_2015;1;162;NA;1.5;NA
64;3.53;2.94-4.12;Panthera onca;Puma concolor;Felidae;Felidae;Panthera;Puma;0.109112475;0.525098283;81150;48000;Carnivore;Carnivore;Same_diet;-109.11;29.37;29.37;Central/North America;Mexico;Northen Jaguar Reserve_2009;Gutierrez-Gonzalez_2017;1;76;NA;1;330
65;1.09;1.06-1.12;Panthera onca;Puma concolor;Felidae;Felidae;Panthera;Puma;0.109112475;0.525098283;81150;48000;Carnivore;Carnivore;Same_diet;-109.11;29.37;29.37;Central/North America;Mexico;Northen Jaguar Reserve_2010;Gutierrez-Gonzalez_2017;1;108;NA;1;330
66;1;NA;Panthera onca;Puma concolor;Felidae;Felidae;Panthera;Puma;0.109112475;0.525098283;81150;48000;Carnivore;Carnivore;Same_diet;-109.11;29.37;29.37;Central/North America;Mexico;Northen Jaguar Reserve_2011;Gutierrez-Gonzalez_2017;1;97;NA;1;330
67;3.53;2.94-4.12;Panthera onca;Puma concolor;Felidae;Felidae;Panthera;Puma;0.109112475;0.525098283;81150;48000;Carnivore;Carnivore;Same_diet;-109.11;29.37;29.37;Central/North America;Mexico;Northen Jaguar Reserve_2012;Gutierrez-Gonzalez_2017;1;119;NA;1;330
68;1.3169;0.7156-1.9183;Vulpes vulpes;Genetta genetta;Canidae;Viverridae;Vulpes;Genetta;0.18759617;1.401396682;7580.3;1866.67;Carnivore;Carnivore;Same_diet;1.9904;41.666;41.666;Europe;Spain;SLMONP_winter-spring;Hernandez-Puentes_2022;2;36;252;2.5;81
69;1.2665;0.7560-1.7770;Genetta genetta;Martes foina;Viverridae;Mustelidae;Genetta;Martes;0.18403971;0.093527844;1866.67;1700;Carnivore;Omnivore;Diff_diet;1.9904;41.666;41.666;Europe;Spain;SLMONP_winter-spring;Hernandez-Puentes_2022;2;36;252;2.5;81
70;0.3276;0.1280-0.5924;Vulpes vulpes;Martes foina;Canidae;Mustelidae;Vulpes;Martes;0.18685684;1.494924526;7580.3;1700;Carnivore;Omnivore;Diff_diet;1.9904;41.666;41.666;Europe;Spain;SLMONP_winter-spring;Hernandez-Puentes_2022;2;36;252;2.5;81
71;1;NA;Puma concolor;Lynx rufus;Felidae;Felidae;Puma;Lynx;0.08207649;1.630491322;48000;9400;Carnivore;Carnivore;Same_diet;-110.7523;32.924;32.924;Central/North America;United States;Southeast Arizona;Herzog_2021;13;18;7692;1;NA
72;1;NA;Canis latrans;Urocyon cinereoargenteus;Canidae;Canidae;Canis;Urocyon;0.14226082;0.9625953;11050;4220;Omnivore;Omnivore;Same_diet;-110.7523;32.924;32.924;Central/North America;United States;Southeast Arizona;Herzog_2021;13;18;7692;1;NA
73;0.662;0.074;Panthera tigris;Panthera pardus;Felidae;Felidae;Panthera;Panthera;0.083369853;0.8865549;128800;53074.995;Carnivore;Carnivore;Same_diet;84.333333;27.5;27.5;Asia;Nepal;CNP;Kafley_2019;17;361;NA;2;362
74;1.13;0.08;Panthera pardus;Cuon alpinus;Felidae;Canidae;Panthera;Cuon;0.19429812;1.214865548;53074.995;15750;Carnivore;Carnivore;Same_diet;76.38243;11.790398;11.790398;Asia;India;Bandipur;Karanth_2017;1;180;5381;1.53;503.77
75;1.03;0.1;Panthera pardus;Cuon alpinus;Felidae;Canidae;Panthera;Cuon;0.19429812;1.214865548;53074.995;15750;Carnivore;Carnivore;Same_diet;75.6304;13.431185;13.431185;Asia;India;Bhadra;Karanth_2017;1;122;3629;1.59;571.88
76;1.06;0.17;Panthera pardus;Cuon alpinus;Felidae;Canidae;Panthera;Cuon;0.19429812;1.214865548;53074.995;15750;Carnivore;Carnivore;Same_diet;77.1585;11.938668;11.938668;Asia;India;Biligiri;Karanth_2017;1;99;2966;1.55;351.7
77;1.07;0.09;Panthera pardus;Cuon alpinus;Felidae;Canidae;Panthera;Cuon;0.19429812;1.214865548;53074.995;15750;Carnivore;Carnivore;Same_diet;76.1585;12.020122;12.020122;Asia;India;Nagarahole;Karanth_2017;1;161;4760;1.7;647.77
78;1.03;0.05;Panthera tigris;Cuon alpinus;Felidae;Canidae;Panthera;Cuon;0.19509586;2.101420448;128800;15750;Carnivore;Carnivore;Same_diet;76.38243;11.790398;11.790398;Asia;India;Bandipur;Karanth_2017;1;180;5381;1.53;503.77
79;1.14;0.25;Panthera tigris;Cuon alpinus;Felidae;Canidae;Panthera;Cuon;0.19509586;2.101420448;128800;15750;Carnivore;Carnivore;Same_diet;75.6304;13.431185;13.431185;Asia;India;Bhadra;Karanth_2017;1;122;3629;1.59;571.88
80;1.13;0.08;Panthera tigris;Cuon alpinus;Felidae;Canidae;Panthera;Cuon;0.19509586;2.101420448;128800;15750;Carnivore;Carnivore;Same_diet;77.1585;11.938668;11.938668;Asia;India;Biligiri;Karanth_2017;1;99;2966;1.55;351.7
81;0.99;0.07;Panthera tigris;Cuon alpinus;Felidae;Canidae;Panthera;Cuon;0.19509586;2.101420448;128800;15750;Carnivore;Carnivore;Same_diet;76.1585;12.020122;12.020122;Asia;India;Nagarahole;Karanth_2017;1;161;4760;1.7;647.77
82;1.1;0.05;Panthera tigris;Panthera pardus;Felidae;Felidae;Panthera;Panthera;0.083369853;0.8865549;128800;53074.995;Carnivore;Carnivore;Same_diet;76.38243;11.790398;11.790398;Asia;India;Bandipur;Karanth_2017;1;180;5381;1.53;503.77
83;1.14;0.07;Panthera tigris;Panthera pardus;Felidae;Felidae;Panthera;Panthera;0.083369853;0.8865549;128800;53074.995;Carnivore;Carnivore;Same_diet;75.6304;13.431185;13.431185;Asia;India;Bhadra;Karanth_2017;1;122;3629;1.59;571.88
84;0.97;0.1;Panthera tigris;Panthera pardus;Felidae;Felidae;Panthera;Panthera;0.083369853;0.8865549;128800;53074.995;Carnivore;Carnivore;Same_diet;77.1585;11.938668;11.938668;Asia;India;Biligiri;Karanth_2017;1;99;2966;1.55;351.7
85;1.08;0.04;Panthera tigris;Panthera pardus;Felidae;Felidae;Panthera;Panthera;0.083369853;0.8865549;128800;53074.995;Carnivore;Carnivore;Same_diet;76.1585;12.020122;12.020122;Asia;India;Nagarahole;Karanth_2017;1;161;4760;1.7;647.77
86;1;NA;Martes pennanti;Martes americana;Mustelidae;Mustelidae;Martes;Martes;0.11111986;1.269596779;3175;892;Carnivore;Omnivore;Diff_diet;-134.769846;58.512993;58.512993;Central/North America;United States;Juneau Alaska_all stations;Kupferman_2021;3.12;25;4750;10.6;200
87;0.67;0.45-0.89;Martes americana;Mustela erminea;Mustelidae;Mustelidae;Martes;Mustela;0.12357269;2.089990258;892;110.33;Omnivore;Carnivore;Diff_diet;-134.769846;58.512993;58.512993;Central/North America;United States;Juneau Alaska_all stations;Kupferman_2021;3.12;25;4750;10.6;200
88;1.07;0.03;Canis latrans;Mephitis mephitis;Canidae;Mephitidae;Canis;Mephitis;0.18956859;1.320626953;11050;2949.995;Omnivore;Omnivore;Same_diet;-88.9352;37.475;37.475;Central/North America;United States;SoutherIllinois_Cluster;Lesmeister_2015;0.69;357;29988;2;16058
89;0.98;0.06;Lynx rufus;Mephitis mephitis;Felidae;Mephitidae;Lynx;Mephitis;0.19226791;1.158906214;9400;2949.995;Carnivore;Omnivore;Diff_diet;-88.9352;37.475;37.475;Central/North America;United States;SoutherIllinois_Cluster;Lesmeister_2015;0.69;357;29988;2;16058
90;1.22;0.1;Urocyon cinereoargenteus;Mephitis mephitis;Canidae;Mephitidae;Urocyon;Mephitis;0.20027289;0.358031653;4220;2949.995;Omnivore;Omnivore;Same_diet;-88.9352;37.475;37.475;Central/North America;United States;SoutherIllinois_Cluster;Lesmeister_2015;0.69;357;29988;2;16058
91;1.12;0.12;Vulpes vulpes;Mephitis mephitis;Canidae;Mephitidae;Vulpes;Mephitis;0.19313152;0.943749301;7580.3;2949.995;Carnivore;Omnivore;Diff_diet;-88.9352;37.475;37.475;Central/North America;United States;SoutherIllinois_Cluster;Lesmeister_2015;0.69;357;29988;2;16058
92;1;0.05;Canis latrans;Urocyon cinereoargenteus;Canidae;Canidae;Canis;Urocyon;0.14226082;0.9625953;11050;4220;Omnivore;Omnivore;Same_diet;-88.9352;37.475;37.475;Central/North America;United States;SoutherIllinois_Cluster;Lesmeister_2015;0.69;357;29988;2;16058
93;1.02;0.1;Lynx rufus;Urocyon cinereoargenteus;Felidae;Canidae;Lynx;Urocyon;0.18894577;0.800874561;9400;4220;Carnivore;Omnivore;Diff_diet;-88.9352;37.475;37.475;Central/North America;United States;SoutherIllinois_Cluster;Lesmeister_2015;0.69;357;29988;2;16058
94;1.23;0.2;Vulpes vulpes;Urocyon cinereoargenteus;Canidae;Canidae;Vulpes;Urocyon;0.14454992;0.585717649;7580.3;4220;Carnivore;Omnivore;Diff_diet;-88.9352;37.475;37.475;Central/North America;United States;SoutherIllinois_Cluster;Lesmeister_2015;0.69;357;29988;2;16058
95;1.02;0.06;Canis latrans;Vulpes vulpes;Canidae;Canidae;Canis;Vulpes;0.13633609;0.376877651;11050;7580.3;Omnivore;Carnivore;Diff_diet;-88.9352;37.475;37.475;Central/North America;United States;SoutherIllinois_Cluster;Lesmeister_2015;0.69;357;29988;2;16058
96;0.8;0.11;Lynx rufus;Vulpes vulpes;Felidae;Canidae;Lynx;Vulpes;0.18086368;0.215156913;9400;7580.3;Carnivore;Carnivore;Same_diet;-88.9352;37.475;37.475;Central/North America;United States;SoutherIllinois_Cluster;Lesmeister_2015;0.69;357;29988;2;16058
97;1.68;0.07;Canis latrans;Mephitis mephitis;Canidae;Mephitidae;Canis;Mephitis;0.18956859;1.320626953;11050;2949.995;Omnivore;Omnivore;Same_diet;-88.9352;37.475;37.475;Central/North America;United States;SoutherIllinois_Local;Lesmeister_2015;0.69;717;29988;0.25;16058
98;1.1;0.12;Lynx rufus;Mephitis mephitis;Felidae;Mephitidae;Lynx;Mephitis;0.19226791;1.158906214;9400;2949.995;Carnivore;Omnivore;Diff_diet;-88.9352;37.475;37.475;Central/North America;United States;SoutherIllinois_Local;Lesmeister_2015;0.69;717;29988;0.25;16058
99;1.41;0.18;Urocyon cinereoargenteus;Mephitis mephitis;Canidae;Mephitidae;Urocyon;Mephitis;0.20027289;0.358031653;4220;2949.995;Omnivore;Omnivore;Same_diet;-88.9352;37.475;37.475;Central/North America;United States;SoutherIllinois_Local;Lesmeister_2015;0.69;717;29988;0.25;16058
100;1.77;0.22;Vulpes vulpes;Mephitis mephitis;Canidae;Mephitidae;Vulpes;Mephitis;0.19313152;0.943749301;7580.3;2949.995;Carnivore;Omnivore;Diff_diet;-88.9352;37.475;37.475;Central/North America;United States;SoutherIllinois_Local;Lesmeister_2015;0.69;717;29988;0.25;16058
101;1.08;0.11;Canis latrans;Urocyon cinereoargenteus;Canidae;Canidae;Canis;Urocyon;0.14226082;0.9625953;11050;4220;Omnivore;Omnivore;Same_diet;-88.9352;37.475;37.475;Central/North America;United States;SoutherIllinois_Local;Lesmeister_2015;0.69;717;29988;0.25;16058
102;1.06;0.21;Lynx rufus;Urocyon cinereoargenteus;Felidae;Canidae;Lynx;Urocyon;0.18894577;0.800874561;9400;4220;Carnivore;Omnivore;Diff_diet;-88.9352;37.475;37.475;Central/North America;United States;SoutherIllinois_Local;Lesmeister_2015;0.69;717;29988;0.25;16058
103;1.97;0.5;Vulpes vulpes;Urocyon cinereoargenteus;Canidae;Canidae;Vulpes;Urocyon;0.14454992;0.585717649;7580.3;4220;Carnivore;Omnivore;Diff_diet;-88.9352;37.475;37.475;Central/North America;United States;SoutherIllinois_Local;Lesmeister_2015;0.69;717;29988;0.25;16058
104;1.4;0.15;Canis latrans;Vulpes vulpes;Canidae;Canidae;Canis;Vulpes;0.13633609;0.376877651;11050;7580.3;Omnivore;Carnivore;Diff_diet;-88.9352;37.475;37.475;Central/North America;United States;SoutherIllinois_Local;Lesmeister_2015;0.69;717;29988;0.25;16058
105;1.14;0.3;Lynx rufus;Vulpes vulpes;Felidae;Canidae;Lynx;Vulpes;0.18086368;0.215156913;9400;7580.3;Carnivore;Carnivore;Same_diet;-88.9352;37.475;37.475;Central/North America;United States;SoutherIllinois_Local;Lesmeister_2015;0.69;717;29988;0.25;16058
106;1;NA;Puma concolor;Lynx rufus;Felidae;Felidae;Puma;Lynx;0.08207649;1.630491322;48000;9400;Carnivore;Carnivore;Same_diet;-107.1804;38.874;38.874;Central/North America;United States;CL_FR;Lewis_2015;2.99;40;NA;2;160
107;1;NA;Puma concolor;Lynx rufus;Felidae;Felidae;Puma;Lynx;0.08207649;1.630491322;48000;9400;Carnivore;Carnivore;Same_diet;-107.1804;38.874;38.874;Central/North America;United States;CL_WS;Lewis_2015;3.74;40;NA;2;160
108;1;1;Panthera tigris;Panthera pardus;Felidae;Felidae;Panthera;Panthera;0.083369853;0.8865549;128800;53074.995;Carnivore;Carnivore;Same_diet;130.74354;42.97547;42.97547;Asia;China;CM_free;Li_2019;6;250;65632;2.36;5000
109;1;1;Panthera tigris;Panthera pardus;Felidae;Felidae;Panthera;Panthera;0.083369853;0.8865549;128800;53074.995;Carnivore;Carnivore;Same_diet;130.74354;42.97547;42.97547;Asia;China;CM_Snow;Li_2019;6;250;49222;2.36;5000
110;1.15;0.02;Civettictis civetta;Caracal aurata;Viverridae;Felidae;Civettictis;Caracal;NA;0.24940013;13666.67;10650;Omnivore;Carnivore;Diff_diet;30.387497;0.553477;0.553477;Africa;Uganda;Kibale National Park;Mills_2019;2;49;9738;0.7;NA
111;1.09;0.02;Caracal aurata;Genetta maculata;Felidae;Viverridae;Caracal;Genetta;NA;1.565802977;10650;2225;Carnivore;Carnivore;Same_diet;30.387497;0.553477;0.553477;Africa;Uganda;Kibale National Park;Mills_2019;2;49;9738;0.7;NA
112;0.97;0.1;Caracal aurata;Genetta servalina;Felidae;Viverridae;Caracal;Genetta;NA;2.203577106;10650;1175.84;Carnivore;Carnivore;Same_diet;30.387497;0.553477;0.553477;Africa;Uganda;Kibale National Park;Mills_2019;2;49;9738;0.7;NA
113;1;NA;Caracal aurata;Nandinia binotata;Felidae;Nandiniidae;Caracal;Nandinia;NA;1.59212388;10650;2167.2;Carnivore;Herbivore;Diff_diet;30.387497;0.553477;0.553477;Africa;Uganda;Kibale National Park;Mills_2019;2;49;9738;0.7;NA
114;0.42;0.04-1.04;Lynx pardinus;Felis silvestris;Felidae;Felidae;Lynx;Felis;0.09076219;0.708116364;10225;5036.54;Carnivore;Carnivore;Same_diet;-6.23;39.99;39.99;Europe;Spain;Mon_general;Monterroso_2020;7;225;12458;1.5;327
115;1.16;0.68-1.66;Meles meles;Felis silvestris;Mustelidae;Felidae;Meles;Felis;0.1788384;0.858476144;11884.03;5036.54;Omnivore;Carnivore;Diff_diet;-6.23;39.99;39.99;Europe;Spain;Mon_general;Monterroso_2020;7;225;12458;1.5;327
116;0.87;0.66-1.06;Vulpes vulpes;Felis silvestris;Canidae;Felidae;Vulpes;Felis;0.18241264;0.408833438;7580.3;5036.54;Carnivore;Carnivore;Same_diet;-6.23;39.99;39.99;Europe;Spain;Mon_general;Monterroso_2020;7;225;12458;1.5;327
117;1.22;0.88-1.53;Felis silvestris;Genetta genetta;Felidae;Viverridae;Felis;Genetta;0.14605559;0.992563244;5036.54;1866.67;Carnivore;Carnivore;Same_diet;-6.23;39.99;39.99;Europe;Spain;Mon_general;Monterroso_2020;7;225;12458;1.5;327
118;1.98;1.42-2.90;Herpestes ichneumon;Genetta genetta;Herpestidae;Viverridae;Herpestes;Genetta;NA;0.457652465;2950.01;1866.67;Omnivore;Carnivore;Diff_diet;-6.23;39.99;39.99;Europe;Spain;Mon_general;Monterroso_2020;7;225;12458;1.5;327
119;0.25;0.02-0.59;Lynx pardinus;Genetta genetta;Felidae;Viverridae;Lynx;Genetta;0.1434963;1.700679607;10225;1866.67;Carnivore;Carnivore;Same_diet;-6.23;39.99;39.99;Europe;Spain;Mon_general;Monterroso_2020;7;225;12458;1.5;327
120;1.58;1.22-2.06;Meles meles;Genetta genetta;Mustelidae;Viverridae;Meles;Genetta;0.18315075;1.851039387;11884.03;1866.67;Omnivore;Carnivore;Diff_diet;-6.23;39.99;39.99;Europe;Spain;Mon_general;Monterroso_2020;7;225;12458;1.5;327
121;1.21;1.10-1.34;Vulpes vulpes;Genetta genetta;Canidae;Viverridae;Vulpes;Genetta;0.18759617;1.401396682;7580.3;1866.67;Carnivore;Carnivore;Same_diet;-6.23;39.99;39.99;Europe;Spain;Mon_general;Monterroso_2020;7;225;12458;1.5;327
122;1.73;1.22-2.63;Felis silvestris;Herpestes ichneumon;Felidae;Herpestidae;Felis;Herpestes;NA;0.534910778;5036.54;2950.01;Carnivore;Omnivore;Diff_diet;-6.23;39.99;39.99;Europe;Spain;Mon_general;Monterroso_2020;7;225;12458;1.5;327
123;0.02;0.00-0.17;Lynx pardinus;Herpestes ichneumon;Felidae;Herpestidae;Lynx;Herpestes;NA;1.243027142;10225;2950.01;Carnivore;Omnivore;Diff_diet;-6.23;39.99;39.99;Europe;Spain;Mon_general;Monterroso_2020;7;225;12458;1.5;327
124;1.61;1.04-2.34;Meles meles;Herpestes ichneumon;Mustelidae;Herpestidae;Meles;Herpestes;NA;1.393386922;11884.03;2950.01;Omnivore;Omnivore;Same_diet;-6.23;39.99;39.99;Europe;Spain;Mon_general;Monterroso_2020;7;225;12458;1.5;327
125;1.07;0.84-1.26;Vulpes vulpes;Herpestes ichneumon;Canidae;Herpestidae;Vulpes;Herpestes;NA;0.943744217;7580.3;2950.01;Carnivore;Omnivore;Diff_diet;-6.23;39.99;39.99;Europe;Spain;Mon_general;Monterroso_2020;7;225;12458;1.5;327
126;1.82;0.29-4.95;Meles meles;Lynx pardinus;Mustelidae;Felidae;Meles;Lynx;0.17897171;0.15035978;11884.03;10225;Omnivore;Carnivore;Diff_diet;-6.23;39.99;39.99;Europe;Spain;Mon_general;Monterroso_2020;7;225;12458;1.5;327
127;1.33;1.05-1.63;Felis silvestris;Martes foina;Felidae;Mustelidae;Felis;Martes;0.17899188;1.086091087;5036.54;1700;Carnivore;Omnivore;Diff_diet;-6.23;39.99;39.99;Europe;Spain;Mon_general;Monterroso_2020;7;225;12458;1.5;327
128;1.78;1.46-2.2;Genetta genetta;Martes foina;Viverridae;Mustelidae;Genetta;Martes;0.18403971;0.093527844;1866.67;1700;Carnivore;Omnivore;Diff_diet;-6.23;39.99;39.99;Europe;Spain;Mon_general;Monterroso_2020;7;225;12458;1.5;327
129;2.21;1.69-2.84;Herpestes ichneumon;Martes foina;Herpestidae;Mustelidae;Herpestes;Martes;NA;0.551180309;2950.01;1700;Omnivore;Omnivore;Same_diet;-6.23;39.99;39.99;Europe;Spain;Mon_general;Monterroso_2020;7;225;12458;1.5;327
130;0.01;0.00-0.06;Lynx pardinus;Martes foina;Felidae;Mustelidae;Lynx;Martes;0.17939505;1.794207451;10225;1700;Carnivore;Omnivore;Diff_diet;-6.23;39.99;39.99;Europe;Spain;Mon_general;Monterroso_2020;7;225;12458;1.5;327
131;1.46;1.17-1.83;Meles meles;Martes foina;Mustelidae;Mustelidae;Meles;Martes;0.13258649;1.944567231;11884.03;1700;Omnivore;Omnivore;Same_diet;-6.23;39.99;39.99;Europe;Spain;Mon_general;Monterroso_2020;7;225;12458;1.5;327
132;1.22;1.12-1.35;Vulpes vulpes;Martes foina;Canidae;Mustelidae;Vulpes;Martes;0.18685684;1.494924526;7580.3;1700;Carnivore;Omnivore;Diff_diet;-6.23;39.99;39.99;Europe;Spain;Mon_general;Monterroso_2020;7;225;12458;1.5;327
133;0.89;0.53-1.32;Felis silvestris;Martes martes;Felidae;Mustelidae;Felis;Martes;0.17898731;1.35435892;5036.54;1299.995;Carnivore;Omnivore;Diff_diet;-6.23;39.99;39.99;Europe;Spain;Mon_general;Monterroso_2020;7;225;12458;1.5;327
134;0.76;0.38-1.24;Genetta genetta;Martes martes;Viverridae;Mustelidae;Genetta;Martes;0.18592031;0.361795676;1866.67;1299.995;Carnivore;Omnivore;Diff_diet;-6.23;39.99;39.99;Europe;Spain;Mon_general;Monterroso_2020;7;225;12458;1.5;327
135;0.4;0.16-0.71;Martes foina;Martes martes;Mustelidae;Mustelidae;Martes;Martes;0.06703719;0.268267833;1700;1299.995;Omnivore;Omnivore;Same_diet;-6.23;39.99;39.99;Europe;Spain;Mon_general;Monterroso_2020;7;225;12458;1.5;327
136;0.61;0.21-1.08;Meles meles;Martes martes;Mustelidae;Mustelidae;Meles;Martes;0.1341349;2.212835064;11884.03;1299.995;Omnivore;Omnivore;Same_diet;-6.23;39.99;39.99;Europe;Spain;Mon_general;Monterroso_2020;7;225;12458;1.5;327
137;0.74;0.52-0.94;Vulpes vulpes;Martes martes;Canidae;Mustelidae;Vulpes;Martes;0.18591115;1.763192358;7580.3;1299.995;Carnivore;Omnivore;Diff_diet;-6.23;39.99;39.99;Europe;Spain;Mon_general;Monterroso_2020;7;225;12458;1.5;327
138;0.28;0.05-0.59;Lynx pardinus;Vulpes vulpes;Felidae;Canidae;Lynx;Vulpes;0.18099855;0.299282925;10225;7580.3;Carnivore;Carnivore;Same_diet;-6.23;39.99;39.99;Europe;Spain;Mon_general;Monterroso_2020;7;225;12458;1.5;327
139;1.23;1.03-1.44;Meles meles;Vulpes vulpes;Mustelidae;Canidae;Meles;Vulpes;0.1882578;0.449642705;11884.03;7580.3;Omnivore;Carnivore;Diff_diet;-6.23;39.99;39.99;Europe;Spain;Mon_general;Monterroso_2020;7;225;12458;1.5;327
140;1;NA;Caracal caracal;Leptailurus serval;Felidae;Felidae;Caracal;Leptailurus;0.08564503;0.154154013;14000;11999.96;Carnivore;Carnivore;Same_diet;34.952966;-2.509499;2.509499;Africa;Tanzania;Annual;Mwampeta_2020;27;217;91868;5;1085
141;1;NA;Leopardus pardalis;Leopardus guttulus;Felidae;Felidae;Leopardus;Leopardus;NA;1.540445041;10500;2250;Carnivore;Carnivore;Same_diet;-46.966144;-23.282992;23.282992;South America;Brazil;NR1;Nagy-Reis_2017;18;45;5198;1.5;350
142;1.03;NA;Leopardus wiedii;Leopardus guttulus;Felidae;Felidae;Leopardus;Leopardus;NA;0.470003629;3600;2250;Carnivore;Carnivore;Same_diet;-46.966144;-23.282992;23.282992;South America;Brazil;NR1;Nagy-Reis_2017;18;45;5198;1.5;350
143;1;NA;Leopardus pardalis;Leopardus wiedii;Felidae;Felidae;Leopardus;Leopardus;0.03679391;1.070441412;10500;3600;Carnivore;Carnivore;Same_diet;-46.966144;-23.282992;23.282992;South America;Brazil;NR1;Nagy-Reis_2017;18;45;5198;1.5;350
144;1.01;NA;Ursus thibetanus;Helarctos malayanus;Ursidae;Ursidae;Ursus;Helarctos;0.07503514;0.773666597;99714.19;46000;Omnivore;Omnivore;Same_diet;101.436411;14.377807;14.377807;Asia;Thailand;Khao Yai National Park;Ngoprasert_2022;12;78;5052;1.5;208
145;1;NA;Ursus thibetanus;Helarctos malayanus;Ursidae;Ursidae;Ursus;Helarctos;0.07503514;0.773666597;99714.19;46000;Omnivore;Omnivore;Same_diet;98.551716;9.015703;9.015703;Asia;Thailand;Khlong Saeng-Khao Sok;Ngoprasert_2022;11;40;5431;4;462
146;1.01;NA;Ursus thibetanus;Helarctos malayanus;Ursidae;Ursidae;Ursus;Helarctos;0.07503514;0.773666597;99714.19;46000;Omnivore;Omnivore;Same_diet;102.182381;14.245909;14.245909;Asia;Thailand;Thap Lan National Park;Ngoprasert_2022;16;45;8449;4;505
147;1;1;Puma concolor;Lycalopex culpaeus;Felidae;Canidae;Puma;Lycalopex;NA;1.306251653;48000;13000;Carnivore;Carnivore;Same_diet;-70.41596;-34.43575;34.43575;South America;Chile;AMR_Fall-Winter;Osorio_2020;4;50;4550;1.25;678.31
148;1;1;Puma concolor;Lycalopex culpaeus;Felidae;Canidae;Puma;Lycalopex;NA;1.306251653;48000;13000;Carnivore;Carnivore;Same_diet;-70.41596;-34.43575;34.43575;South America;Chile;AMR_Spring-Summer;Osorio_2020;4;50;4550;1.25;678.31
149;1;1;Panthera pardus;Cuon alpinus;Felidae;Canidae;Panthera;Cuon;0.19429812;1.214865548;53074.995;15750;Carnivore;Carnivore;Same_diet;99.216175;15.941935;15.941935;Asia;Thailand;MW_KL;Phumanee_2021;10;82;NA;3.3;1048
150;2.045;1,576-2,514;Panthera tigris;Panthera pardus;Felidae;Felidae;Panthera;Panthera;0.083369853;0.8865549;128800;53074.995;Carnivore;Carnivore;Same_diet;99.216175;15.941935;15.941935;Asia;Thailand;MW_KL;Phumanee_2021;10;82;NA;3.3;1048
151;1.65;0.92-2.40;Panthera pardus;Cuon alpinus;Felidae;Canidae;Panthera;Cuon;0.19429812;1.214865548;53074.995;15750;Carnivore;Carnivore;Same_diet;114.387611;-7.4164528;7.4164528;Asia;Indonesia;Baluran National Park (BNP);Pudyatmoko_2019;1.5;23;1050;1.4;250
152;1.27;NA;Crocuta crocuta;Genetta tigrina;Hyaenidae;Viverridae;Crocuta;Genetta;NA;3.577820917;63000;1760;Carnivore;Carnivore;Same_diet;32.4;-27.52;27.52;Africa;South Africa;KZN_all;Ramesh_2017;0.78;184;4920;1.5;1101.17
153;1.48;NA;Panthera pardus;Genetta tigrina;Felidae;Viverridae;Panthera;Genetta;NA;3.406392104;53074.995;1760;Carnivore;Carnivore;Same_diet;32.4;-27.52;27.52;Africa;South Africa;KZN_all;Ramesh_2017;0.78;184;4920;1.5;1101.17
154;0.25;NA;Crocuta crocuta;Panthera pardus;Hyaenidae;Felidae;Crocuta;Panthera;0.16410206;0.171428813;63000;53074.995;Carnivore;Carnivore;Same_diet;32.4;-27.52;27.52;Africa;South Africa;KZN_all;Ramesh_2017;0.78;184;4920;1.5;1101.17
155;1;NA;Panthera tigris;Panthera pardus;Felidae;Felidae;Panthera;Panthera;0.083369853;0.8865549;128800;53074.995;Carnivore;Carnivore;Same_diet;101.5;5.78;5.78;Asia;Thailand;Royal Belum State Park (RBSP);Rayan_2016;9;175;17758;1;400
156;0.6;NA;Panthera tigris;Cuon alpinus;Felidae;Canidae;Panthera;Cuon;0.19509586;2.101420448;128800;15750;Carnivore;Carnivore;Same_diet;101.52;5.49;5.49;Asia;Thailand;Temengor Forest Reserve (TFR);Rayan_2016;9;175;15969;1;400
157;0.85;NA;Panthera tigris;Panthera pardus;Felidae;Felidae;Panthera;Panthera;0.083369853;0.8865549;128800;53074.995;Carnivore;Carnivore;Same_diet;101.52;5.49;5.49;Asia;Thailand;Temengor Forest Reserve (TFR);Rayan_2016;9;175;15969;1;400
158;0.924;0.008;Canis latrans;Vulpes macrotis;Canidae;Canidae;Canis;Vulpes;NA;1.666223758;11050;2088;Omnivore;Omnivore;Same_diet;-106.273616;37.796963;37.796963;Central/North America;United States;WSNM;Robinson_2014;12;86;10234;2;430
159;0.21;0.05;Puma concolor;Lycalopex culpaeus;Felidae;Canidae;Puma;Lycalopex;NA;1.306251653;48000;13000;Carnivore;Carnivore;Same_diet;-70.355759;-39.030901;39.030901;South America;Argentina;Laguna Blanca National Park;Rodriguez-Curras_2021;4;46;3116;2;200
160;0.73;0.03;Lycalopex culpaeus;Lycalopex griseus;Canidae;Canidae;Lycalopex;Lycalopex;NA;1.181158127;13000;3990;Carnivore;Omnivore;Diff_diet;-70.355759;-39.030901;39.030901;South America;Argentina;Laguna Blanca National Park;Rodriguez-Curras_2021;4;46;3116;2;200
161;0.76;0.04;Puma concolor;Lycalopex griseus;Felidae;Canidae;Puma;Lycalopex;NA;2.48740978;48000;3990;Carnivore;Omnivore;Diff_diet;-70.355759;-39.030901;39.030901;South America;Argentina;Laguna Blanca National Park;Rodriguez-Curras_2021;4;46;3116;2;200
162;1.576036866;NA;Panthera uncia;Canis lupus;Felidae;Canidae;Panthera;Canis;0.187681178;0.493435062;47812.5;29190.755;Carnivore;Carnivore;Same_diet;90.72;48.21;48.21;Asia;Mongolia;Sa_general;Salvatori_2021;11.6;216;14267.5;NA;3186
163;0.46;0.55-0.36;Lynx pardinus;Vulpes vulpes;Felidae;Canidae;Lynx;Vulpes;0.18099855;0.299282925;10225;7580.3;Carnivore;Carnivore;Same_diet;-7.66;37.64;37.64;Europe;Portugal;Guadiana Valley Natural Park_S;Sarmento_2021;1.5;178;7210;1;20.9
164;0.73;0.51-0.99;Panthera onca;Puma concolor;Felidae;Felidae;Panthera;Puma;0.109112475;0.525098283;81150;48000;Carnivore;Carnivore;Same_diet;-52.75;-18.316667;18.316667;South America;Brazil;ENP;Sollmann_2012;4;119;NA;3.5;1320
165;0.81;0.31;Panthera tigris;Panthera pardus;Felidae;Felidae;Panthera;Panthera;0.083369853;0.8865549;128800;53074.995;Carnivore;Carnivore;Same_diet;99.580078;12.086324;12.086324;Asia;Thailand;Kuiburi National Park;Steinmetz_2013;4;25;1458;3;131
166;1;NA;Meles leucurus;Arctonyx collaris;Mustelidae;Mustelidae;Meles;Arctonyx;0.08197052;0.123820225;11884.03;10500;Omnivore;Omnivore;Same_diet;108.125;28.7583335;28.7583335;Asia;China;Mayanghe National Nature Reserve;Tian_2022;23;138;63963;NA;311.13
167;1.61;1.53-2.25;Arctonyx collaris;Melogale moschata;Mustelidae;Mustelidae;Arctonyx;Melogale;0.137001363;2.567977748;10500;805.25;Omnivore;Omnivore;Same_diet;108.125;28.7583335;28.7583335;Asia;China;Mayanghe National Nature Reserve;Tian_2022;23;138;63963;NA;311.13
168;0.18;-0.53;Meles leucurus;Melogale moschata;Mustelidae;Mustelidae;Meles;Melogale;0.13697885;2.691797973;11884.03;805.25;Omnivore;Omnivore;Same_diet;108.125;28.7583335;28.7583335;Asia;China;Mayanghe National Nature Reserve;Tian_2022;23;138;63963;NA;311.13
169;1;NA;Paguma larvata;Melogale moschata;Viverridae;Mustelidae;Paguma;Melogale;0.183127127;1.675217513;4300;805.25;Omnivore;Omnivore;Same_diet;108.125;28.7583335;28.7583335;Asia;China;Mayanghe National Nature Reserve;Tian_2022;23;138;63963;NA;311.13
170;0.38;-0.84;Prionailurus bengalensis;Melogale moschata;Felidae;Mustelidae;Prionailurus;Melogale;0.183640167;1.639710825;4150;805.25;Carnivore;Omnivore;Diff_diet;108.125;28.7583335;28.7583335;Asia;China;Mayanghe National Nature Reserve;Tian_2022;23;138;63963;NA;311.13
171;1.63;1.72-2.10;Arctonyx collaris;Mustela kathiah;Mustelidae;Mustelidae;Arctonyx;Mustela;0.13521031;3.684166767;10500;263.74;Omnivore;Carnivore;Diff_diet;108.125;28.7583335;28.7583335;Asia;China;Mayanghe National Nature Reserve;Tian_2022;23;138;63963;NA;311.13
172;1.07;NA;Meles leucurus;Mustela kathiah;Mustelidae;Mustelidae;Meles;Mustela;0.13521215;3.807986992;11884.03;263.74;Omnivore;Carnivore;Diff_diet;108.125;28.7583335;28.7583335;Asia;China;Mayanghe National Nature Reserve;Tian_2022;23;138;63963;NA;311.13
173;5.61;NA;Melogale moschata;Mustela kathiah;Mustelidae;Mustelidae;Melogale;Mustela;0.13308469;1.116189019;805.25;263.74;Omnivore;Carnivore;Diff_diet;108.125;28.7583335;28.7583335;Asia;China;Mayanghe National Nature Reserve;Tian_2022;23;138;63963;NA;311.13
174;2.15;1.42-2.88;Paguma larvata;Mustela kathiah;Viverridae;Mustelidae;Paguma;Mustela;0.17816885;2.791406532;4300;263.74;Omnivore;Carnivore;Diff_diet;108.125;28.7583335;28.7583335;Asia;China;Mayanghe National Nature Reserve;Tian_2022;23;138;63963;NA;311.13
175;2.66;-5.46;Prionailurus bengalensis;Mustela kathiah;Felidae;Mustelidae;Prionailurus;Mustela;0.177463555;2.755899844;4150;263.74;Carnivore;Carnivore;Same_diet;108.125;28.7583335;28.7583335;Asia;China;Mayanghe National Nature Reserve;Tian_2022;23;138;63963;NA;311.13
176;0.96;0.93-1;Arctonyx collaris;Paguma larvata;Mustelidae;Viverridae;Arctonyx;Paguma;0.17756043;0.892760234;10500;4300;Omnivore;Omnivore;Same_diet;108.125;28.7583335;28.7583335;Asia;China;Mayanghe National Nature Reserve;Tian_2022;23;138;63963;NA;311.13
177;1.33;0.57-2.08;Meles leucurus;Paguma larvata;Mustelidae;Viverridae;Meles;Paguma;0.18058951;1.016580459;11884.03;4300;Omnivore;Omnivore;Same_diet;108.125;28.7583335;28.7583335;Asia;China;Mayanghe National Nature Reserve;Tian_2022;23;138;63963;NA;311.13
178;0.84;0.68-1;Arctonyx collaris;Prionailurus bengalensis;Mustelidae;Felidae;Arctonyx;Prionailurus;0.181365985;0.928266923;10500;4150;Omnivore;Carnivore;Diff_diet;108.125;28.7583335;28.7583335;Asia;China;Mayanghe National Nature Reserve;Tian_2022;23;138;63963;NA;311.13
179;3.05;1.20-5.80;Meles leucurus;Prionailurus bengalensis;Mustelidae;Felidae;Meles;Prionailurus;0.17924495;1.052087148;11884.03;4150;Omnivore;Carnivore;Diff_diet;108.125;28.7583335;28.7583335;Asia;China;Mayanghe National Nature Reserve;Tian_2022;23;138;63963;NA;311.13
180;0.43;0.27-0.60;Paguma larvata;Prionailurus bengalensis;Viverridae;Felidae;Paguma;Prionailurus;0.14225069;0.035506688;4300;4150;Omnivore;Carnivore;Diff_diet;108.125;28.7583335;28.7583335;Asia;China;Mayanghe National Nature Reserve;Tian_2022;23;138;63963;NA;311.13
181;0.12;NA;Canis dingo;Vulpes vulpes;NA;Canidae;NA;Vulpes;NA;NA;NA;7580.3;NA;Carnivore;Diff_diet;134.237386;-28.294724;28.294724;Oceania;Australia;EDMW_2016;Wooster_2021;NA;NA;NA;NA;NA
182;0.67;NA;Canis dingo;Vulpes vulpes;NA;Canidae;NA;Vulpes;NA;NA;NA;7580.3;NA;Carnivore;Diff_diet;134.237386;-28.294724;28.294724;Oceania;Australia;EDMW_2017;Wooster_2021;NA;NA;NA;NA;NA
183;0.83;NA;Canis dingo;Vulpes vulpes;NA;Canidae;NA;Vulpes;NA;NA;NA;7580.3;NA;Carnivore;Diff_diet;134.237386;-28.294724;28.294724;Oceania;Australia;EDMW_2018;Wooster_2021;NA;NA;NA;NA;NA
184;1;NA;Leopardus geoffroyi;Conepatus chinga;Felidae;Mephitidae;Leopardus;Conepatus;0.18375468;0.162518929;4000;3400;Carnivore;Insectivore;Diff_diet;-65.666667;-37.166667;37.166667;South America;Argentina;Pampa_Phocc;Zanon-Martinez_2021;NA;NA;NA;2.5;NA
185;0.81;NA;Leopardus geoffroyi;Conepatus chinga;Felidae;Mephitidae;Leopardus;Conepatus;0.18375468;0.162518929;4000;3400;Carnivore;Insectivore;Diff_diet;-65.666667;-37.166667;37.166667;South America;Argentina;Pampa_Plocc;Zanon-Martinez_2021;NA;NA;NA;2.5;NA
186;1;NA;Leopardus geoffroyi;Conepatus chinga;Felidae;Mephitidae;Leopardus;Conepatus;0.18375468;0.162518929;4000;3400;Carnivore;Insectivore;Diff_diet;-65.666667;-37.166667;37.166667;South America;Argentina;Pampa_Pmocc;Zanon-Martinez_2021;NA;NA;NA;2.5;NA
187;0.83;NA;Leopardus geoffroyi;Conepatus chinga;Felidae;Mephitidae;Leopardus;Conepatus;0.18375468;0.162518929;4000;3400;Carnivore;Insectivore;Diff_diet;-65.666667;-37.166667;37.166667;South America;Argentina;Pampa_Pocc;Zanon-Martinez_2021;NA;NA;NA;2.5;NA
188;1;NA;Lycalopex gymnocercus;Conepatus chinga;Canidae;Mephitidae;Lycalopex;Conepatus;NA;0.321657151;4690;3400;Omnivore;Insectivore;Diff_diet;-65.666667;-37.166667;37.166667;South America;Argentina;Pampa_Phocc;Zanon-Martinez_2021;NA;NA;NA;2.5;NA
189;1.03;NA;Lycalopex gymnocercus;Conepatus chinga;Canidae;Mephitidae;Lycalopex;Conepatus;NA;0.321657151;4690;3400;Omnivore;Insectivore;Diff_diet;-65.666667;-37.166667;37.166667;South America;Argentina;Pampa_Plocc;Zanon-Martinez_2021;NA;NA;NA;2.5;NA
190;1;NA;Lycalopex gymnocercus;Conepatus chinga;Canidae;Mephitidae;Lycalopex;Conepatus;NA;0.321657151;4690;3400;Omnivore;Insectivore;Diff_diet;-65.666667;-37.166667;37.166667;South America;Argentina;Pampa_Pmocc;Zanon-Martinez_2021;NA;NA;NA;2.5;NA
191;1;NA;Lycalopex gymnocercus;Conepatus chinga;Canidae;Mephitidae;Lycalopex;Conepatus;NA;0.321657151;4690;3400;Omnivore;Insectivore;Diff_diet;-65.666667;-37.166667;37.166667;South America;Argentina;Pampa_Pocc;Zanon-Martinez_2021;NA;NA;NA;2.5;NA
192;0.35;0.16-0.54;Puma concolor;Conepatus chinga;Felidae;Mephitidae;Puma;Conepatus;0.18738648;2.647425579;48000;3400;Carnivore;Insectivore;Diff_diet;-65.666667;-37.166667;37.166667;South America;Argentina;Pampa;Zanon-Martinez_2021;1;720;18987;2.5;639.44
193;1;NA;Conepatus chinga;Leopardus colocolo;Mephitidae;Felidae;Conepatus;Leopardus;0.18491578;0.141970261;3400;2950;Insectivore;Carnivore;Diff_diet;-65.666667;-37.166667;37.166667;South America;Argentina;Pampa_Phocc;Zanon-Martinez_2021;NA;NA;NA;2.5;NA
194;1;NA;Conepatus chinga;Leopardus colocolo;Mephitidae;Felidae;Conepatus;Leopardus;0.18491578;0.141970261;3400;2950;Insectivore;Carnivore;Diff_diet;-65.666667;-37.166667;37.166667;South America;Argentina;Pampa_Plocc;Zanon-Martinez_2021;NA;NA;NA;2.5;NA
195;1;NA;Conepatus chinga;Leopardus colocolo;Mephitidae;Felidae;Conepatus;Leopardus;0.18491578;0.141970261;3400;2950;Insectivore;Carnivore;Diff_diet;-65.666667;-37.166667;37.166667;South America;Argentina;Pampa_Pmocc;Zanon-Martinez_2021;NA;NA;NA;2.5;NA
196;1.97;NA;Conepatus chinga;Leopardus colocolo;Mephitidae;Felidae;Conepatus;Leopardus;0.18491578;0.141970261;3400;2950;Insectivore;Carnivore;Diff_diet;-65.666667;-37.166667;37.166667;South America;Argentina;Pampa_Pocc;Zanon-Martinez_2021;NA;NA;NA;2.5;NA
197;1;NA;Leopardus geoffroyi;Leopardus colocolo;Felidae;Felidae;Leopardus;Leopardus;0.07002763;0.304489191;4000;2950;Carnivore;Carnivore;Same_diet;-65.666667;-37.166667;37.166667;South America;Argentina;Pampa_Phocc;Zanon-Martinez_2021;NA;NA;NA;2.5;NA
198;1;NA;Leopardus geoffroyi;Leopardus colocolo;Felidae;Felidae;Leopardus;Leopardus;0.07002763;0.304489191;4000;2950;Carnivore;Carnivore;Same_diet;-65.666667;-37.166667;37.166667;South America;Argentina;Pampa_Plocc;Zanon-Martinez_2021;NA;NA;NA;2.5;NA
199;0.02;NA;Leopardus geoffroyi;Leopardus colocolo;Felidae;Felidae;Leopardus;Leopardus;0.07002763;0.304489191;4000;2950;Carnivore;Carnivore;Same_diet;-65.666667;-37.166667;37.166667;South America;Argentina;Pampa_Pmocc;Zanon-Martinez_2021;NA;NA;NA;2.5;NA
200;1;NA;Leopardus geoffroyi;Leopardus colocolo;Felidae;Felidae;Leopardus;Leopardus;0.07002763;0.304489191;4000;2950;Carnivore;Carnivore;Same_diet;-65.666667;-37.166667;37.166667;South America;Argentina;Pampa_Pocc;Zanon-Martinez_2021;NA;NA;NA;2.5;NA
201;1;NA;Lycalopex gymnocercus;Leopardus colocolo;Canidae;Felidae;Lycalopex;Leopardus;NA;0.463627412;4690;2950;Omnivore;Carnivore;Diff_diet;-65.666667;-37.166667;37.166667;South America;Argentina;Pampa_Phocc;Zanon-Martinez_2021;NA;NA;NA;2.5;NA
202;1;NA;Lycalopex gymnocercus;Leopardus colocolo;Canidae;Felidae;Lycalopex;Leopardus;NA;0.463627412;4690;2950;Omnivore;Carnivore;Diff_diet;-65.666667;-37.166667;37.166667;South America;Argentina;Pampa_Plocc;Zanon-Martinez_2021;NA;NA;NA;2.5;NA
203;1;NA;Lycalopex gymnocercus;Leopardus colocolo;Canidae;Felidae;Lycalopex;Leopardus;NA;0.463627412;4690;2950;Omnivore;Carnivore;Diff_diet;-65.666667;-37.166667;37.166667;South America;Argentina;Pampa_Pmocc;Zanon-Martinez_2021;NA;NA;NA;2.5;NA
204;1;NA;Lycalopex gymnocercus;Leopardus colocolo;Canidae;Felidae;Lycalopex;Leopardus;NA;0.463627412;4690;2950;Omnivore;Carnivore;Diff_diet;-65.666667;-37.166667;37.166667;South America;Argentina;Pampa_Pocc;Zanon-Martinez_2021;NA;NA;NA;2.5;NA
205;1.08;0.97-1.18;Puma concolor;Leopardus colocolo;Felidae;Felidae;Puma;Leopardus;0.0959591;2.789395841;48000;2950;Carnivore;Carnivore;Same_diet;-65.666667;-37.166667;37.166667;South America;Argentina;Pampa;Zanon-Martinez_2021;1;720;18987;2.5;639.44
206;1;NA;Lycalopex gymnocercus;Leopardus geoffroyi;Canidae;Felidae;Lycalopex;Leopardus;NA;0.159138221;4690;4000;Omnivore;Carnivore;Diff_diet;-65.666667;-37.166667;37.166667;South America;Argentina;Pampa_Phocc;Zanon-Martinez_2021;NA;NA;NA;2.5;NA
207;1;NA;Lycalopex gymnocercus;Leopardus geoffroyi;Canidae;Felidae;Lycalopex;Leopardus;NA;0.159138221;4690;4000;Omnivore;Carnivore;Diff_diet;-65.666667;-37.166667;37.166667;South America;Argentina;Pampa_Plocc;Zanon-Martinez_2021;NA;NA;NA;2.5;NA
208;0.87;NA;Lycalopex gymnocercus;Leopardus geoffroyi;Canidae;Felidae;Lycalopex;Leopardus;NA;0.159138221;4690;4000;Omnivore;Carnivore;Diff_diet;-65.666667;-37.166667;37.166667;South America;Argentina;Pampa_Pmocc;Zanon-Martinez_2021;NA;NA;NA;2.5;NA
209;1;NA;Lycalopex gymnocercus;Leopardus geoffroyi;Canidae;Felidae;Lycalopex;Leopardus;NA;0.159138221;4690;4000;Omnivore;Carnivore;Diff_diet;-65.666667;-37.166667;37.166667;South America;Argentina;Pampa_Pocc;Zanon-Martinez_2021;NA;NA;NA;2.5;NA
210;0.57;0.29-0.85;Puma concolor;Leopardus geoffroyi;Felidae;Felidae;Puma;Leopardus;0.09783433;2.48490665;48000;4000;Carnivore;Carnivore;Same_diet;-65.666667;-37.166667;37.166667;South America;Argentina;Pampa;Zanon-Martinez_2021;1;720;18987;2.5;639.44
211;1;NA;Puma concolor;Lycalopex gymnocercus;Felidae;Canidae;Puma;Lycalopex;NA;2.325768428;48000;4690;Carnivore;Omnivore;Diff_diet;-65.666667;-37.166667;37.166667;South America;Argentina;Pampa;Zanon-Martinez_2021;1;720;18987;2.5;639.44
212;1;NA;Martes pennanti;Mustela erminea;Mustelidae;Mustelidae;Martes;Mustela;NA;3.359587037;3175;110.33;Carnivore;Carnivore;Same_diet;-134.769846;58.512993;58.512993;Central/North America;United States;Juneau Alaska_all stations;Kupferman_2021;3.12;25;4750;10.6;200
213;0.53;NA;Panthera pardus;Herpestes sanguineus;Felidae;Herpestidae;Panthera;Herpestes;NA;4.6454427;53074.995;509.8;Carnivore;Omnivore;Diff_diet;32.4;-27.52;27.52;Africa;South Africa;KZN_all;Ramesh_2017;0.78;184;4920;1.5;1101.17
214;1.5;NA;Crocuta crocuta;Herpestes sanguineus;Hyaenidae;Herpestidae;Crocuta;Herpestes;NA;4.816871513;63000;509.8;Carnivore;Omnivore;Diff_diet;32.4;-27.52;27.52;Africa;South Africa;KZN_all;Ramesh_2017;0.78;184;4920;1.5;1101.17
215;-2.71;NA;Lynx canadensis;Lynx rufus;Felidae;Felidae;Lynx;Lynx;0.06692702;0.029643492;9682.82;9400;Carnivore;Carnivore;Same_diet;-119.837494;48.944232;48.944232;Central/North America;United States;LSF;Scully_2018;50;397;27199;0.5;551
216;1;NA;Puma concolor;Lynx canadensis;Felidae;Felidae;Puma;Lynx;0.08652034;1.60084783;48000;9682.82;Carnivore;Carnivore;Same_diet;-119.837494;48.944232;48.944232;Central/North America;United States;LSF;Scully_2018;50;397;27199;0.5;551
